userid,name,email,password,role
100001,Donovan Thomas,vestibulum.ut@yahoo.net,KQU80IHW1RR,2
100002,Macy Holcomb,arcu@hotmail.net,CHH37TVC6VT,2
100003,Raja Rodgers,sed.facilisis.vitae@google.net,IOL41KWG6MM,2
100004,Evelyn Kelley,lorem.eget@google.org,OFL45DYT1RC,2
100005,Doris Hanson,ipsum.suspendisse@outlook.net,LOH46ZBG1UW,2
100006,Imani Watkins,placerat.cras.dictum@hotmail.org,HYU34XOZ1JY,2
100007,Karina Robertson,semper@protonmail.couk,NDZ19DWB1XM,2
100008,Hedley Hardin,id@protonmail.org,NTF62NXE3XW,2
100009,Vera Palmer,at.pretium.aliquet@aol.org,WCG08VCY7DJ,2
100010,Cedric Watson,est.congue@icloud.org,NKE21DGB2DP,2
100011,Mia O'Neill,elementum.lorem.ut@hotmail.com,NDR85EET5KM,2
100012,Winter Combs,elit.curabitur@google.couk,RKY56YJG3ZE,2
100013,Ingrid Dudley,felis.eget@protonmail.edu,MNI32FIH7GV,2
100014,Oren Winters,nibh.lacinia.orci@aol.net,IVQ81PCG3FA,2
100015,Cameran Kinney,vel@icloud.edu,PQX87BQN8KS,2
100016,Nichole Grant,nulla.donec@protonmail.com,NTZ21CVQ5JT,2
100017,Sybill Shields,rutrum.eu.ultrices@google.ca,PBW43QBJ5MC,2
100018,Mona Ross,ornare.elit.elit@hotmail.edu,YUY58FKU6VW,2
100019,Clementine Summers,vitae.risus.duis@hotmail.org,DEV78PWY4BT,2
100020,Erin Fuentes,diam.lorem@icloud.org,GRK74TGI2CG,2
100021,Chaim Mendoza,non@aol.ca,VCP12PKS7AK,2
100022,Sharon Vasquez,tellus@hotmail.com,MVV75VUH8FH,2
100023,Rhiannon Chan,fringilla@google.org,XKK77NBX7PC,2
100024,Elvis Benjamin,sit.amet.consectetuer@aol.org,WMA81LOT2EU,2
100025,Ainsley Peterson,sem.elit@google.couk,UIX01WMQ7QN,2
100026,Tatyana Horn,fusce.aliquet@google.com,LCF37HVF7RL,2
100027,Hope Paul,porta.elit@protonmail.edu,MHC25IOI1BW,2
100028,Reece Sexton,fringilla@aol.couk,LHR75LSE8QY,2
100029,Yetta Garrett,fermentum.arcu@yahoo.org,IVH43XRY7GD,2
100030,Olivia Brennan,egestas.ligula@outlook.org,FLL67WCK4JC,2
100031,Hayfa Daniel,mi.lacinia@protonmail.net,TMI81LBD7GG,2
100032,Nola Britt,nullam.feugiat@outlook.couk,VLL58NUY5MY,2
100033,Gil Haynes,aliquet@google.ca,APX25KBS1CB,2
100034,Chiquita Chaney,nibh.aliquam.ornare@protonmail.edu,TEQ47BTL8CQ,2
100035,Shana Bean,lectus@icloud.org,JXB43IKC8PT,2
100036,Bell Sellers,sed@icloud.com,YLM41DJT8IT,2
100037,Erasmus Franks,sit.amet@protonmail.ca,YAJ07EGS1HU,2
100038,Desirae Boyd,enim@outlook.org,YFC83PXO3LM,2
100039,Andrew Leonard,dapibus.id@aol.edu,FNO14URS1GK,2
100040,Kasimir Fox,molestie@hotmail.couk,BWM97ZKX2DD,2
100041,Lacota Price,turpis@yahoo.edu,YUY16JRC1LW,2
100042,Rana Cline,mauris.magna.duis@aol.net,RVE15ULG7CT,2
100043,Destiny Vega,varius@outlook.com,RIU45CMG8QK,2
100044,Julian Barker,luctus.sit@protonmail.net,RUU93KSD7SJ,2
100045,Samson Spence,massa.rutrum@yahoo.com,EXP13SPS1ET,2
100046,Naomi Pate,ridiculus.mus@google.net,JSM64GTO0SU,2
100047,September Sweeney,fusce.feugiat@protonmail.edu,BNP31CPM2FD,2
100048,Mikayla Poole,placerat.orci@icloud.ca,YFT26IXF9WK,2
100049,Ocean Dean,nisl@outlook.couk,DRH68LER4PQ,2
100050,Jerome Wilder,pharetra.nibh@icloud.ca,ILE83UYY4JZ,2
100051,Kiayada Conner,sit.amet@outlook.org,BQZ57OLK2XO,2
100052,Beau Craft,id@protonmail.com,PKT15FLZ2LM,2
100053,Bree Gutierrez,integer.vitae@google.org,COK77OUM2GZ,2
100054,Margaret Massey,amet.massa@protonmail.org,MWY72CBZ2RL,2
100055,Hiram Lynn,a.aliquet@hotmail.edu,DDK63TJY8CM,2
100056,Lev Villarreal,eros.turpis.non@yahoo.edu,BBN23RDM1XT,2
100057,Wyatt Figueroa,dui.quis@outlook.net,RMY97RWU7FJ,2
100058,Thomas Mcneil,et.tristique.pellentesque@icloud.couk,AVN21TXR6YP,2
100059,Jonah Estrada,suspendisse@outlook.couk,RXG97XOP2SY,2
100060,Curran Rogers,a.aliquet.vel@protonmail.couk,CAI76WOV9QW,2
100061,Tatum Pierce,consectetuer.euismod.est@outlook.ca,OEP42OHE7GV,2
100062,Raya Schroeder,pellentesque.habitant@google.com,NET52UTI7BE,2
100063,Erasmus Wolf,nullam.velit.dui@yahoo.edu,XFD42WWG4HE,2
100064,Charity Ware,nibh.vulputate.mauris@icloud.edu,JOK13LGG3TO,2
100065,Rogan Douglas,risus.duis@aol.com,CSS55PHX8PX,2
100066,Jermaine Brennan,etiam.laoreet.libero@outlook.edu,LDO71EXO1EI,2
100067,Sarah Neal,ultrices.mauris@icloud.edu,XWN66KHX6XI,2
100068,Grant Slater,amet.risus.donec@icloud.edu,HBI24GCR1LT,2
100069,Hiroko Wheeler,eleifend@google.org,IZY74HEE7JG,2
100070,Gray Meyers,tempus.non.lacinia@google.ca,TWV16HHS1IZ,2
100071,Keaton Olson,consectetuer@icloud.org,HGD61UQI4YR,2
100072,Josephine Blevins,fermentum.fermentum@aol.com,HRM21KWI7HB,2
100073,Justina Hobbs,sollicitudin@aol.edu,HUD55AQX0AS,2
100074,Amaya Montoya,pede@aol.ca,DKD12IPC7YP,2
100075,Xaviera Warner,mi.lacinia@icloud.ca,IEY14OEF3XN,2
100076,Tobias Guerra,aenean.eget.metus@hotmail.ca,YQB12SCB1WY,2
100077,Olympia O'Neill,ligula.eu@hotmail.net,WRE84IET0FO,2
100078,Dolan Holden,ad.litora.torquent@hotmail.com,NCC76RVU2OG,2
100079,Rylee Potts,mi.lacinia.mattis@yahoo.net,RJM41XWE5EY,2
100080,Bethany Arnold,sed.dictum@protonmail.couk,CIF07WFQ2QI,2
100081,Reese Sexton,blandit@yahoo.couk,HUY92TJJ2VP,2
100082,Janna Daugherty,orci@yahoo.couk,KTX52DJN5UF,2
100083,Nicholas Williams,augue.malesuada.malesuada@google.edu,RMT87CVC0JY,2
100084,Gemma Todd,a.facilisis.non@google.org,KPT18OLJ8YH,2
100085,Oprah Bell,felis.nulla@icloud.com,HVG74DBX6DJ,2
100086,Phelan Kelley,tincidunt@icloud.org,KHU74JHZ6PR,2
100087,Adrian Cervantes,nascetur.ridiculus@outlook.org,DMJ45RNQ7CF,2
100088,Nathan Hoffman,sociis.natoque@aol.org,GLO57UWC8VL,2
100089,Wesley Spence,senectus@aol.edu,GUG87QZC7EL,2
100090,Ifeoma Avila,sed.eget@google.com,YWL41DPK7CZ,2
100091,Malik Mendez,nulla@protonmail.couk,BKH86TOJ1VK,2
100092,Sigourney Hyde,dictum.placerat@icloud.org,JZQ38TUM4XH,2
100093,Wanda Dickson,diam@icloud.com,RSG88URT6VW,2
100094,Janna Dixon,sodales.purus@yahoo.org,WAB02XML3LM,2
100095,Vladimir Durham,arcu.iaculis@google.couk,FLP47CBZ5KP,2
100096,Julie Cote,et.ipsum@aol.com,PLP44XRC2UY,2
100097,Nerea Mendoza,ac@google.com,VCH75VPL6SF,2
100098,Genevieve Le,ligula.elit@yahoo.org,WUV88IEB4CH,2
100099,Chaney Hall,lobortis.tellus@icloud.edu,TSD76MYE8VC,2
100100,Kalia Walters,vitae@google.net,BPI54HSF6IC,2